frequency_mhz,duration_us,mapping,refill_grant_words,refresh_phase,refresh_stagger_cycles,deadline_guard_cycles,deadline_guard_us,deadline_misses,scanout_deadline_misses,scanout_max_lateness_us,first_missed_deadline_us,last_missed_deadline_us,frame_write_deadline_misses,incomplete_frames,scanout_min_slack_us,scanout_max_wait_us,frame_write_max_wait_us,audio_write_max_wait_us,effective_mb_s,dq_util_pct,unserved_words,dq_turnarounds,activates,precharges,refresh_command_cycles
130,16666.666666666668,stripe-1k-bank-chip,128,aligned,0,32,0.24615384615384617,13,13,4.184615384615385,12951.815384615385,12953.553846153845,0,0,-4.184615384615385,39.99230769230769,40.08461538461538,40.146153846153844,221.55270817006405,85.21258006540926,128,14332,8015,8014,4272
130,16666.666666666668,stripe-1k-bank-chip,128,quarter,253,32,0.24615384615384617,37,37,4.346153846153846,2868.2,13703.553846153845,0,0,-4.346153846153846,40.03076923076923,40.12307692307692,40.184615384615384,221.55270817006405,85.21258006540926,128,14220,8144,8143,4272
130,16666.666666666668,stripe-1k-bank-chip,128,half,507,32,0.24615384615384617,13,13,4.184615384615385,12951.815384615385,12953.553846153845,0,0,-4.184615384615385,39.99230769230769,40.08461538461538,40.146153846153844,221.55270817006405,85.21258006540926,128,14320,8022,8021,4272
130,16666.666666666668,stripe-1k-bank-chip,128,three-quarter,760,32,0.24615384615384617,29,29,4.184615384615385,3535.3,12953.553846153845,0,0,-4.184615384615385,40.03846153846154,40.13076923076923,40.19230769230769,221.55270817006405,85.21258006540926,128,14258,8096,8096,4272
130,16666.666666666668,stripe-1k-bank-chip,128,aligned,0,64,0.49230769230769234,13,13,4.184615384615385,12951.815384615385,12953.553846153845,0,0,-4.184615384615385,39.99230769230769,40.08461538461538,40.146153846153844,221.55270817006405,85.21258006540926,128,14332,8015,8014,4272
130,16666.666666666668,stripe-1k-bank-chip,128,quarter,253,64,0.49230769230769234,37,37,4.346153846153846,2868.2,13703.553846153845,0,0,-4.346153846153846,40.03076923076923,40.12307692307692,40.184615384615384,221.55270817006405,85.21258006540926,128,14220,8144,8143,4272
130,16666.666666666668,stripe-1k-bank-chip,128,half,507,64,0.49230769230769234,13,13,4.184615384615385,12951.815384615385,12953.553846153845,0,0,-4.184615384615385,39.99230769230769,40.08461538461538,40.146153846153844,221.55270817006405,85.21258006540926,128,14320,8022,8021,4272
130,16666.666666666668,stripe-1k-bank-chip,128,three-quarter,760,64,0.49230769230769234,29,29,4.184615384615385,3535.3,12953.553846153845,0,0,-4.184615384615385,40.03846153846154,40.13076923076923,40.19230769230769,221.55270817006405,85.21258006540926,128,14258,8096,8096,4272
130,16666.666666666668,stripe-1k-bank-chip,128,aligned,0,128,0.9846153846153847,13,13,4.184615384615385,12951.815384615385,12953.553846153845,0,0,-4.184615384615385,39.99230769230769,40.08461538461538,40.146153846153844,221.55270817006405,85.21258006540926,128,14332,8015,8014,4272
130,16666.666666666668,stripe-1k-bank-chip,128,quarter,253,128,0.9846153846153847,37,37,4.346153846153846,2868.2,13703.553846153845,0,0,-4.346153846153846,40.03076923076923,40.12307692307692,40.184615384615384,221.55270817006405,85.21258006540926,128,14220,8144,8143,4272
130,16666.666666666668,stripe-1k-bank-chip,128,half,507,128,0.9846153846153847,13,13,4.184615384615385,12951.815384615385,12953.553846153845,0,0,-4.184615384615385,39.99230769230769,40.08461538461538,40.146153846153844,221.55270817006405,85.21258006540926,128,14320,8022,8021,4272
130,16666.666666666668,stripe-1k-bank-chip,128,three-quarter,760,128,0.9846153846153847,29,29,4.184615384615385,3535.3,12953.553846153845,0,0,-4.184615384615385,40.03846153846154,40.13076923076923,40.19230769230769,221.55270817006405,85.21258006540926,128,14258,8096,8096,4272
130,16666.666666666668,stripe-1k-bank-chip,128,aligned,0,256,1.9692307692307693,13,13,4.184615384615385,12951.815384615385,12953.553846153845,0,0,-4.184615384615385,39.99230769230769,40.08461538461538,40.146153846153844,221.55270817006405,85.21258006540926,128,14332,8015,8014,4272
130,16666.666666666668,stripe-1k-bank-chip,128,quarter,253,256,1.9692307692307693,37,37,4.346153846153846,2868.2,13703.553846153845,0,0,-4.346153846153846,40.03076923076923,40.12307692307692,40.184615384615384,221.55270817006405,85.21258006540926,128,14220,8144,8143,4272
130,16666.666666666668,stripe-1k-bank-chip,128,half,507,256,1.9692307692307693,13,13,4.184615384615385,12951.815384615385,12953.553846153845,0,0,-4.184615384615385,39.99230769230769,40.08461538461538,40.146153846153844,221.55270817006405,85.21258006540926,128,14320,8022,8021,4272
130,16666.666666666668,stripe-1k-bank-chip,128,three-quarter,760,256,1.9692307692307693,29,29,4.184615384615385,3535.3,12953.553846153845,0,0,-4.184615384615385,40.03846153846154,40.13076923076923,40.19230769230769,221.55270817006405,85.21258006540926,128,14258,8096,8096,4272
130,16666.666666666668,stripe-1k-bank-chip,128,aligned,0,512,3.9384615384615387,0,0,0.0,,,0,0,3.6153846153846154,32.19230769230769,33.176923076923075,32.34615384615385,221.55270817006405,85.21258006540926,128,14350,7997,7996,4272
130,16666.666666666668,stripe-1k-bank-chip,128,quarter,253,512,3.9384615384615387,9,9,3.8,4202.546153846154,13703.553846153845,0,0,-3.8,40.03076923076923,40.12307692307692,40.184615384615384,221.55270817006405,85.21258006540926,128,14256,8110,8109,4272
130,16666.666666666668,stripe-1k-bank-chip,128,half,507,512,3.9384615384615387,0,0,0.0,,,0,0,3.6153846153846154,32.19230769230769,33.176923076923075,32.34615384615385,221.55270817006405,85.21258006540926,128,14338,8005,8004,4272
130,16666.666666666668,stripe-1k-bank-chip,128,three-quarter,760,512,3.9384615384615387,4,4,3.4615384615384617,4869.784615384616,4870.223076923077,0,0,-3.4615384615384617,40.01538461538462,40.10769230769231,40.16923076923077,221.55270817006405,85.21258006540926,128,14294,8062,8062,4272
130,16666.666666666668,stripe-1k-bank-chip,128,aligned,0,1024,7.876923076923077,0,0,0.0,,,0,0,3.6153846153846154,32.19230769230769,33.176923076923075,32.34615384615385,221.55270817006405,85.21258006540926,128,14350,7997,7996,4272
130,16666.666666666668,stripe-1k-bank-chip,128,quarter,253,1024,7.876923076923077,0,0,0.0,,,0,0,3.453846153846154,32.23076923076923,33.3,32.38461538461539,221.55270817006405,85.21258006540926,128,14292,8075,8074,4272
130,16666.666666666668,stripe-1k-bank-chip,128,half,507,1024,7.876923076923077,0,0,0.0,,,0,0,3.6153846153846154,32.19230769230769,33.176923076923075,32.34615384615385,221.55270817006405,85.21258006540926,128,14338,8005,8004,4272
130,16666.666666666668,stripe-1k-bank-chip,128,three-quarter,760,1024,7.876923076923077,0,0,0.0,,,0,0,3.6153846153846154,32.238461538461536,33.37692307692308,32.39230769230769,221.55270817006405,85.21258006540926,128,14312,8046,8046,4272
130,16666.666666666668,stripe-1k-bank-chip,256,aligned,0,32,0.24615384615384617,29,29,6.492307692307692,12949.507692307692,12953.553846153845,0,0,-6.492307692307692,40.97692307692308,41.06923076923077,41.13076923076923,221.5373481653379,85.2066723712838,256,7196,7749,7748,4272
130,16666.666666666668,stripe-1k-bank-chip,256,quarter,253,32,0.24615384615384617,126,126,6.6692307692307695,2865.8846153846152,13703.553846153845,0,0,-6.6692307692307695,41.02307692307692,41.11538461538461,41.176923076923075,221.5373481653379,85.2066723712838,256,7094,7981,7980,4272
130,16666.666666666668,stripe-1k-bank-chip,256,half,507,32,0.24615384615384617,29,29,6.492307692307692,12949.507692307692,12953.553846153845,0,0,-6.492307692307692,40.97692307692308,41.06923076923077,41.13076923076923,221.5373481653379,85.2066723712838,256,7184,7771,7771,4272
130,16666.666666666668,stripe-1k-bank-chip,256,three-quarter,760,32,0.24615384615384617,95,95,6.492307692307692,3532.9846153846156,12953.553846153845,0,0,-6.492307692307692,41.06153846153846,47.26923076923077,43.246153846153845,221.5373481653379,85.2066723712838,256,7116,7947,7947,4272
130,16666.666666666668,stripe-1k-bank-chip,256,aligned,0,64,0.49230769230769234,29,29,6.492307692307692,12949.507692307692,12953.553846153845,0,0,-6.492307692307692,40.97692307692308,41.06923076923077,41.13076923076923,221.5373481653379,85.2066723712838,256,7196,7749,7748,4272
130,16666.666666666668,stripe-1k-bank-chip,256,quarter,253,64,0.49230769230769234,126,126,6.6692307692307695,2865.8846153846152,13703.553846153845,0,0,-6.6692307692307695,41.02307692307692,41.11538461538461,41.176923076923075,221.5373481653379,85.2066723712838,256,7094,7981,7980,4272
130,16666.666666666668,stripe-1k-bank-chip,256,half,507,64,0.49230769230769234,29,29,6.492307692307692,12949.507692307692,12953.553846153845,0,0,-6.492307692307692,40.97692307692308,41.06923076923077,41.13076923076923,221.5373481653379,85.2066723712838,256,7184,7771,7771,4272
130,16666.666666666668,stripe-1k-bank-chip,256,three-quarter,760,64,0.49230769230769234,95,95,6.492307692307692,3532.9846153846156,12953.553846153845,0,0,-6.492307692307692,41.06153846153846,47.26923076923077,43.246153846153845,221.5373481653379,85.2066723712838,256,7116,7947,7947,4272
130,16666.666666666668,stripe-1k-bank-chip,256,aligned,0,128,0.9846153846153847,29,29,6.492307692307692,12949.507692307692,12953.553846153845,0,0,-6.492307692307692,40.97692307692308,41.06923076923077,41.13076923076923,221.5373481653379,85.2066723712838,256,7196,7749,7748,4272
130,16666.666666666668,stripe-1k-bank-chip,256,quarter,253,128,0.9846153846153847,126,126,6.6692307692307695,2865.8846153846152,13703.553846153845,0,0,-6.6692307692307695,41.02307692307692,41.11538461538461,41.176923076923075,221.5373481653379,85.2066723712838,256,7094,7981,7980,4272
130,16666.666666666668,stripe-1k-bank-chip,256,half,507,128,0.9846153846153847,29,29,6.492307692307692,12949.507692307692,12953.553846153845,0,0,-6.492307692307692,40.97692307692308,41.06923076923077,41.13076923076923,221.5373481653379,85.2066723712838,256,7184,7771,7771,4272
130,16666.666666666668,stripe-1k-bank-chip,256,three-quarter,760,128,0.9846153846153847,95,95,6.492307692307692,3532.9846153846156,12953.553846153845,0,0,-6.492307692307692,41.06153846153846,47.26923076923077,43.246153846153845,221.5373481653379,85.2066723712838,256,7116,7947,7947,4272
130,16666.666666666668,stripe-1k-bank-chip,256,aligned,0,256,1.9692307692307693,0,0,0.0,,,0,0,1.3153846153846154,33.16923076923077,35.292307692307695,35.23076923076923,221.5373481653379,85.2066723712838,256,7200,7737,7736,4272
130,16666.666666666668,stripe-1k-bank-chip,256,quarter,253,256,1.9692307692307693,42,42,5.507692307692308,5534.715384615384,13703.553846153845,0,0,-5.507692307692308,41.02307692307692,41.11538461538461,41.176923076923075,221.5373481653379,85.2066723712838,256,7106,7940,7939,4272
130,16666.666666666668,stripe-1k-bank-chip,256,half,507,256,1.9692307692307693,0,0,0.0,,,0,0,1.3153846153846154,33.16923076923077,35.353846153846156,35.23076923076923,221.5373481653379,85.2066723712838,256,7188,7757,7757,4272
130,16666.666666666668,stripe-1k-bank-chip,256,three-quarter,760,256,1.9692307692307693,38,38,5.915384615384616,4867.330769230769,7536.892307692307,0,0,-5.915384615384616,41.06153846153846,47.26923076923077,43.246153846153845,221.5373481653379,85.2066723712838,256,7124,7920,7920,4272
130,16666.666666666668,stripe-1k-bank-chip,256,aligned,0,512,3.9384615384615387,0,0,0.0,,,0,0,1.3153846153846154,33.16923076923077,35.292307692307695,35.23076923076923,221.5373481653379,85.2066723712838,256,7200,7737,7736,4272
130,16666.666666666668,stripe-1k-bank-chip,256,quarter,253,512,3.9384615384615387,0,0,0.0,,,0,0,1.146153846153846,33.23076923076923,35.33076923076923,35.26923076923077,221.5373481653379,85.2066723712838,256,7118,7901,7900,4272
130,16666.666666666668,stripe-1k-bank-chip,256,half,507,512,3.9384615384615387,0,0,0.0,,,0,0,1.3153846153846154,33.16923076923077,35.353846153846156,35.23076923076923,221.5373481653379,85.2066723712838,256,7188,7757,7757,4272
130,16666.666666666668,stripe-1k-bank-chip,256,three-quarter,760,512,3.9384615384615387,0,0,0.0,,,0,0,1.3153846153846154,33.261538461538464,39.46923076923077,35.44615384615385,221.5373481653379,85.2066723712838,256,7144,7863,7863,4272
130,16666.666666666668,stripe-1k-bank-chip,256,aligned,0,1024,7.876923076923077,0,0,0.0,,,0,0,1.3153846153846154,33.16923076923077,35.292307692307695,35.23076923076923,221.5373481653379,85.2066723712838,256,7200,7737,7736,4272
130,16666.666666666668,stripe-1k-bank-chip,256,quarter,253,1024,7.876923076923077,0,0,0.0,,,0,0,1.146153846153846,33.23076923076923,35.33076923076923,35.26923076923077,221.5373481653379,85.2066723712838,256,7118,7901,7900,4272
130,16666.666666666668,stripe-1k-bank-chip,256,half,507,1024,7.876923076923077,0,0,0.0,,,0,0,1.3153846153846154,33.16923076923077,35.353846153846156,35.23076923076923,221.5373481653379,85.2066723712838,256,7188,7757,7757,4272
130,16666.666666666668,stripe-1k-bank-chip,256,three-quarter,760,1024,7.876923076923077,0,0,0.0,,,0,0,1.3153846153846154,33.261538461538464,39.46923076923077,35.44615384615385,221.5373481653379,85.2066723712838,256,7144,7863,7863,4272
