frequency_mhz,qualification,mapping,refill_grant_words,duration_us,deadline_misses,incomplete_frames,minimum_read_deadline_slack_us,dq_util_pct,effective_mb_s,writer_max_wait_us,frame_write_max_wait_us,audio_write_max_wait_us,unserved_words,dq_turnarounds,activates,command_util_pct
100,board-acceptance,chip-row-bank-column,32,1000.0,0,0,35.66,94.878,189.756,324.29,324.29,1.11,15906,3459,746,13.603
100,board-acceptance,chip-row-bank-column,64,1000.0,0,0,35.58,96.453,192.906,295.42,295.42,1.11,14331,1735,745,13.798
100,board-acceptance,chip-row-bank-column,128,1000.0,0,0,34.43,97.406,194.812,277.36,277.36,1.11,13378,869,741,13.909
100,board-acceptance,chip-row-bank-column,1024,1000.0,0,0,18.14,98.056,196.112,254.84,254.84,1.11,12728,115,682,13.873
100,board-acceptance,linear,8,1000.0,0,0,36.55,82.883,165.766,541.35,541.35,3.59,27901,6807,347,11.309
100,board-acceptance,linear,16,1000.0,0,0,36.47,91.209,182.418,390.83,390.83,2.56,19575,6721,353,12.362
100,board-acceptance,linear,32,1000.0,0,0,36.17,94.726,189.452,327.04,327.04,2.13,16058,3455,360,12.815
100,board-acceptance,linear,256,1000.0,0,0,32.12,97.614,195.228,272.0,272.0,1.11,13170,431,351,13.159
100,board-acceptance,linear,512,1000.0,0,0,27.51,97.816,195.632,265.35,265.35,1.11,12968,215,334,13.15
100,board-acceptance,linear,1024,1000.0,0,0,18.24,97.893,195.786,257.71,257.71,1.11,12891,107,310,13.112
100,board-acceptance,row-bank-chip-column,8,1000.0,3244,0,-7.28,98.489,196.978,225.06,225.06,1.11,12295,190,925,14.41
100,board-acceptance,row-chip-bank-column,8,1000.0,3340,0,-7.25,98.451,196.902,225.87,225.87,1.11,12333,188,924,14.403
100,board-acceptance,stripe-1k-chip-bank,8,1000.0,3284,0,-7.25,98.322,196.644,229.18,229.18,1.11,12462,259,1156,14.851
120,board-acceptance,chip-row-bank-column,32,1000.0,0,0,35.891666666666666,92.29333333333334,221.504,35.766666666666666,35.766666666666666,0.925,32,3334,441,12.484166666666667
120,board-acceptance,chip-row-bank-column,64,1000.0,0,0,35.666666666666664,92.26666666666667,221.44,34.708333333333336,34.708333333333336,0.925,64,1672,419,12.444166666666666
120,board-acceptance,chip-row-bank-column,128,1000.0,0,0,34.425,92.21333333333334,221.312,33.6,33.6,0.925,128,840,398,12.4025
120,board-acceptance,linear,8,1000.0,0,0,36.625,87.31083333333333,209.546,145.64166666666668,145.64166666666668,2.025,6011,12291,369,11.740833333333333
120,board-acceptance,linear,16,1000.0,0,0,36.53333333333333,91.4925,219.582,54.858333333333334,54.858333333333334,1.675,993,6899,372,12.268333333333333
120,board-acceptance,linear,32,1000.0,0,0,36.225,92.29333333333334,221.504,35.925,35.925,1.4916666666666667,32,3328,368,12.3625
120,board-acceptance,linear,128,1000.0,0,0,34.50833333333333,92.21333333333334,221.312,33.71666666666667,33.71666666666667,0.925,128,832,359,12.3375
120,board-acceptance,linear,256,1000.0,0,0,32.18333333333333,92.10666666666667,221.056,32.43333333333333,32.43333333333333,0.925,256,416,356,12.32
120,board-acceptance,linear,512,1000.0,0,0,27.566666666666666,91.89333333333333,220.544,30.491666666666667,30.491666666666667,0.925,512,208,338,12.263333333333334
120,board-acceptance,linear,1024,1000.0,0,0,18.275,91.46666666666667,219.52,26.691666666666666,26.691666666666666,0.925,1024,116,302,12.15
120,board-acceptance,row-bank-chip-column,8,1000.0,0,0,27.175,92.31333333333333,221.552,34.0,34.0,0.925,8,6488,497,12.58
120,board-acceptance,row-bank-chip-column,16,1000.0,0,0,27.175,92.30666666666667,221.536,33.90833333333333,33.90833333333333,0.925,16,5326,499,12.5825
120,board-acceptance,row-bank-chip-column,32,1000.0,0,0,27.175,92.29333333333334,221.504,33.75833333333333,33.75833333333333,0.925,32,3044,412,12.435833333333333
120,board-acceptance,row-bank-chip-column,64,1000.0,0,0,27.175,92.26666666666667,221.44,33.56666666666667,33.56666666666667,0.925,64,1558,404,12.419166666666667
120,board-acceptance,row-bank-chip-column,128,1000.0,0,0,27.175,92.21333333333334,221.312,33.00833333333333,33.00833333333333,0.925,128,798,389,12.3875
120,board-acceptance,row-bank-chip-column,256,1000.0,0,0,27.175,92.10666666666667,221.056,31.85,31.85,0.925,256,412,385,12.368333333333334
120,board-acceptance,row-bank-chip-column,512,1000.0,0,0,27.175,91.89333333333333,220.544,29.95,29.95,0.925,512,212,364,12.306666666666667
120,board-acceptance,row-bank-chip-column,1024,1000.0,0,0,18.25,91.46666666666667,219.52,26.241666666666667,26.241666666666667,0.925,1024,118,316,12.173333333333334
120,board-acceptance,row-chip-bank-column,8,1000.0,0,0,27.183333333333334,92.31333333333333,221.552,34.425,34.425,0.925,8,6266,495,12.576666666666666
120,board-acceptance,row-chip-bank-column,16,1000.0,0,0,27.183333333333334,92.30666666666667,221.536,34.175,34.175,0.925,16,5202,497,12.579166666666667
120,board-acceptance,row-chip-bank-column,32,1000.0,0,0,27.183333333333334,92.29333333333334,221.504,34.00833333333333,34.00833333333333,0.925,32,3038,412,12.435833333333333
120,board-acceptance,row-chip-bank-column,64,1000.0,0,0,27.183333333333334,92.26666666666667,221.44,33.74166666666667,33.74166666666667,0.925,64,1554,404,12.419166666666667
120,board-acceptance,row-chip-bank-column,128,1000.0,0,0,27.183333333333334,92.21333333333334,221.312,33.30833333333333,33.30833333333333,0.925,128,796,390,12.389166666666666
120,board-acceptance,row-chip-bank-column,256,1000.0,0,0,27.183333333333334,92.10666666666667,221.056,32.13333333333333,32.13333333333333,0.925,256,412,385,12.368333333333334
120,board-acceptance,stripe-1k-bank-chip,64,1000.0,0,0,31.558333333333334,92.26666666666667,221.44,33.99166666666667,33.99166666666667,0.925,64,1614,555,12.670833333333333
120,board-acceptance,stripe-1k-bank-chip,128,1000.0,0,0,31.558333333333334,92.21333333333334,221.312,33.391666666666666,33.391666666666666,0.925,128,824,532,12.625833333333333
120,board-acceptance,stripe-1k-bank-chip,256,1000.0,0,0,31.558333333333334,92.10666666666667,221.056,32.141666666666666,32.141666666666666,0.925,256,420,510,12.576666666666666
120,board-acceptance,stripe-1k-chip-bank,8,1000.0,0,0,31.558333333333334,92.31333333333333,221.552,34.55833333333333,34.55833333333333,0.925,8,6584,854,13.175
120,board-acceptance,stripe-1k-chip-bank,32,1000.0,0,0,31.558333333333334,92.29333333333334,221.504,34.208333333333336,34.208333333333336,0.925,32,3178,591,12.734166666666667
120,board-acceptance,stripe-1k-chip-bank,512,1000.0,0,0,27.508333333333333,91.89333333333333,220.544,30.091666666666665,30.091666666666665,0.925,512,212,460,12.466666666666667
130,board-acceptance,chip-row-bank-column,16,1000.0,0,0,35.97692307692308,85.20615384615385,221.536,32.56153846153846,32.56153846153846,0.8538461538461538,16,6592,401,11.463846153846154
130,board-acceptance,chip-row-bank-column,32,1000.0,0,0,35.97692307692308,85.19384615384615,221.504,30.515384615384615,30.515384615384615,0.8538461538461538,32,3334,390,11.445384615384615
130,board-acceptance,chip-row-bank-column,64,1000.0,0,0,35.676923076923075,85.16923076923077,221.44,29.7,29.7,0.8538461538461538,64,1672,386,11.436153846153847
130,board-acceptance,chip-row-bank-column,128,1000.0,0,0,34.44615384615385,85.12,221.312,28.96153846153846,28.96153846153846,0.8538461538461538,128,840,373,11.41
130,board-acceptance,linear,8,1000.0,0,0,36.66153846153846,84.74384615384615,220.334,48.176923076923075,48.176923076923075,1.823076923076923,617,13567,374,11.363846153846154
130,board-acceptance,linear,16,1000.0,0,0,36.50769230769231,85.20615384615385,221.536,32.84615384615385,32.84615384615385,1.4076923076923078,16,6602,367,11.411538461538461
130,board-acceptance,linear,32,1000.0,0,0,36.238461538461536,85.19384615384615,221.504,30.56923076923077,30.56923076923077,1.123076923076923,32,3328,368,11.411538461538461
130,board-acceptance,linear,64,1000.0,0,0,35.684615384615384,85.16923076923077,221.44,29.8,29.8,0.8538461538461538,64,1664,368,11.40846153846154
130,board-acceptance,linear,128,1000.0,0,0,34.52307692307692,85.12,221.312,29.06923076923077,29.06923076923077,0.8538461538461538,128,832,358,11.386923076923077
130,board-acceptance,linear,256,1000.0,0,0,32.207692307692305,85.02153846153846,221.056,27.907692307692308,27.907692307692308,0.8538461538461538,256,416,352,11.366153846153846
130,board-acceptance,linear,512,1000.0,0,0,27.576923076923077,84.82461538461538,220.544,25.123076923076923,25.123076923076923,0.8538461538461538,512,208,332,11.31076923076923
130,board-acceptance,linear,1024,1000.0,0,0,18.346153846153847,84.43076923076923,219.52,22.70769230769231,22.70769230769231,0.8538461538461538,1024,116,299,11.21076923076923
130,board-acceptance,row-bank-chip-column,8,1000.0,0,0,27.93076923076923,85.21230769230769,221.552,30.20769230769231,30.20769230769231,0.8538461538461538,8,12110,497,11.612307692307692
130,board-acceptance,row-bank-chip-column,16,1000.0,0,0,27.93076923076923,85.20615384615385,221.536,29.523076923076925,29.523076923076925,0.8538461538461538,16,6302,386,11.44076923076923
130,board-acceptance,row-bank-chip-column,32,1000.0,0,0,27.93076923076923,85.19384615384615,221.504,29.246153846153845,29.246153846153845,0.8538461538461538,32,3222,385,11.437692307692307
130,board-acceptance,row-bank-chip-column,64,1000.0,0,0,27.93076923076923,85.16923076923077,221.44,29.023076923076925,29.023076923076925,0.8538461538461538,64,1622,382,11.43
130,board-acceptance,row-bank-chip-column,128,1000.0,0,0,27.93076923076923,85.12,221.312,28.515384615384615,28.515384615384615,0.8538461538461538,128,818,371,11.406923076923077
130,board-acceptance,row-bank-chip-column,256,1000.0,0,0,27.93076923076923,85.02153846153846,221.056,27.515384615384615,27.515384615384615,0.8538461538461538,256,418,364,11.384615384615385
130,board-acceptance,row-bank-chip-column,1024,1000.0,0,0,18.26923076923077,84.43076923076923,219.52,22.423076923076923,22.423076923076923,0.8538461538461538,1024,118,308,11.224615384615385
130,board-acceptance,row-chip-bank-column,512,1000.0,0,0,27.50769230769231,84.82461538461538,220.544,24.853846153846153,24.853846153846153,0.8538461538461538,512,212,344,11.329230769230769
130,board-acceptance,stripe-1k-bank-chip,8,1000.0,0,0,31.976923076923075,85.21230769230769,221.552,31.2,31.2,0.8538461538461538,8,12574,855,12.163076923076924
130,board-acceptance,stripe-1k-bank-chip,16,1000.0,0,0,31.976923076923075,85.20615384615385,221.536,30.284615384615385,30.284615384615385,0.8538461538461538,16,6406,513,11.636153846153846
130,board-acceptance,stripe-1k-bank-chip,64,1000.0,0,0,31.976923076923075,85.16923076923077,221.44,29.5,29.5,0.8538461538461538,64,1648,500,11.611538461538462
130,board-acceptance,stripe-1k-bank-chip,128,1000.0,0,0,31.976923076923075,85.12,221.312,28.93846153846154,28.93846153846154,0.8538461538461538,128,830,488,11.586923076923076
130,board-acceptance,stripe-1k-bank-chip,512,1000.0,0,0,27.49230769230769,84.82461538461538,220.544,24.815384615384616,24.815384615384616,0.8538461538461538,512,212,426,11.455384615384615
130,board-acceptance,stripe-1k-chip-bank,32,1000.0,0,0,31.976923076923075,85.19384615384615,221.504,29.692307692307693,29.692307692307693,0.8538461538461538,32,3274,511,11.631538461538462
130,board-acceptance,stripe-1k-chip-bank,64,1000.0,0,0,31.976923076923075,85.16923076923077,221.44,29.5,29.5,0.8538461538461538,64,1648,500,11.611538461538462
130,board-acceptance,stripe-1k-chip-bank,128,1000.0,0,0,31.976923076923075,85.12,221.312,28.93846153846154,28.93846153846154,0.8538461538461538,128,830,488,11.586923076923076
130,board-acceptance,stripe-1k-chip-bank,256,1000.0,0,0,31.976923076923075,85.02153846153846,221.056,27.615384615384617,27.615384615384617,0.8538461538461538,256,420,467,11.543076923076923
143,exploratory-overclock,chip-row-bank-column,8,1000.0,0,0,36.02097902097902,77.46573426573427,221.552,29.48951048951049,29.48951048951049,0.7832167832167832,8,12878,383,10.397202797202798
143,exploratory-overclock,chip-row-bank-column,16,1000.0,0,0,36.02097902097902,77.46013986013986,221.536,27.062937062937063,27.062937062937063,0.7832167832167832,16,6616,379,10.39090909090909
143,exploratory-overclock,chip-row-bank-column,32,1000.0,0,0,36.02097902097902,77.44895104895105,221.504,26.293706293706293,26.293706293706293,0.7832167832167832,32,3334,377,10.386713286713286
143,exploratory-overclock,chip-row-bank-column,64,1000.0,0,0,35.69230769230769,77.42657342657343,221.44,25.174825174825173,25.174825174825173,0.7832167832167832,64,1672,369,10.372727272727273
143,exploratory-overclock,chip-row-bank-column,128,1000.0,0,0,34.53846153846154,77.38181818181818,221.312,24.482517482517483,24.482517482517483,0.7832167832167832,128,840,363,10.358741258741258
143,exploratory-overclock,linear,8,1000.0,0,0,36.66433566433567,77.46573426573427,221.552,29.755244755244757,29.755244755244757,1.4195804195804196,8,12872,366,10.373426573426574
143,exploratory-overclock,linear,16,1000.0,0,0,36.52447552447553,77.46013986013986,221.536,27.34965034965035,27.34965034965035,1.2937062937062938,16,6614,366,10.372727272727273
143,exploratory-overclock,linear,32,1000.0,0,0,36.24475524475525,77.44895104895105,221.504,26.412587412587413,26.412587412587413,1.020979020979021,32,3328,366,10.371328671328671
143,exploratory-overclock,linear,256,1000.0,0,0,32.22377622377623,77.29230769230769,221.056,23.846153846153847,23.846153846153847,0.7832167832167832,256,416,346,10.324475524475524
143,exploratory-overclock,linear,512,1000.0,0,0,27.594405594405593,77.11328671328671,220.544,22.67132867132867,22.67132867132867,0.7832167832167832,512,208,326,10.274125874125874
143,exploratory-overclock,linear,1024,1000.0,0,0,18.342657342657343,76.75524475524476,219.52,17.90909090909091,17.90909090909091,0.7832167832167832,1024,116,284,10.17062937062937
143,exploratory-overclock,row-bank-chip-column,8,1000.0,0,0,28.615384615384617,77.46573426573427,221.552,25.545454545454547,25.545454545454547,0.7832167832167832,8,12592,377,10.38881118881119
143,exploratory-overclock,row-bank-chip-column,16,1000.0,0,0,28.615384615384617,77.46013986013986,221.536,25.167832167832167,25.167832167832167,0.7832167832167832,16,6446,375,10.385314685314686
143,exploratory-overclock,row-bank-chip-column,32,1000.0,0,0,28.615384615384617,77.44895104895105,221.504,24.846153846153847,24.846153846153847,0.7832167832167832,32,3272,374,10.382517482517482
143,exploratory-overclock,row-bank-chip-column,64,1000.0,0,0,28.615384615384617,77.42657342657343,221.44,24.62937062937063,24.62937062937063,0.7832167832167832,64,1640,367,10.36993006993007
143,exploratory-overclock,row-bank-chip-column,128,1000.0,0,0,28.615384615384617,77.38181818181818,221.312,24.167832167832167,24.167832167832167,0.7832167832167832,128,826,360,10.354545454545455
143,exploratory-overclock,row-bank-chip-column,512,1000.0,0,0,27.517482517482517,77.11328671328671,220.544,22.44055944055944,22.44055944055944,0.7832167832167832,512,212,333,10.283916083916084
143,exploratory-overclock,row-bank-chip-column,1024,1000.0,0,0,18.27972027972028,76.75524475524476,219.52,17.37062937062937,17.37062937062937,0.7832167832167832,1024,118,288,10.176223776223777
143,exploratory-overclock,row-chip-bank-column,8,1000.0,0,0,28.62937062937063,77.46573426573427,221.552,25.832167832167833,25.832167832167833,0.7832167832167832,8,12642,377,10.38881118881119
143,exploratory-overclock,row-chip-bank-column,16,1000.0,0,0,28.62937062937063,77.46013986013986,221.536,25.454545454545453,25.454545454545453,0.7832167832167832,16,6472,375,10.385314685314686
143,exploratory-overclock,row-chip-bank-column,32,1000.0,0,0,28.62937062937063,77.44895104895105,221.504,25.174825174825173,25.174825174825173,0.7832167832167832,32,3270,375,10.383916083916084
143,exploratory-overclock,row-chip-bank-column,64,1000.0,0,0,28.62937062937063,77.42657342657343,221.44,24.804195804195803,24.804195804195803,0.7832167832167832,64,1640,367,10.36993006993007
143,exploratory-overclock,row-chip-bank-column,128,1000.0,0,0,28.62937062937063,77.38181818181818,221.312,24.32867132867133,24.32867132867133,0.7832167832167832,128,826,360,10.354545454545455
143,exploratory-overclock,stripe-1k-bank-chip,8,1000.0,0,0,32.32867132867133,77.46573426573427,221.552,27.3006993006993,27.3006993006993,0.7832167832167832,8,12636,500,10.56083916083916
143,exploratory-overclock,stripe-1k-bank-chip,16,1000.0,0,0,32.32867132867133,77.46013986013986,221.536,26.174825174825173,26.174825174825173,0.7832167832167832,16,6504,493,10.55034965034965
143,exploratory-overclock,stripe-1k-bank-chip,32,1000.0,0,0,32.32867132867133,77.44895104895105,221.504,25.713286713286713,25.713286713286713,0.7832167832167832,32,3300,485,10.537762237762237
143,exploratory-overclock,stripe-1k-bank-chip,64,1000.0,0,0,32.32867132867133,77.42657342657343,221.44,25.076923076923077,25.076923076923077,0.7832167832167832,64,1656,476,10.522377622377622
143,exploratory-overclock,stripe-1k-bank-chip,128,1000.0,0,0,32.32867132867133,77.38181818181818,221.312,24.475524475524477,24.475524475524477,0.7832167832167832,128,834,469,10.506993006993007
143,exploratory-overclock,stripe-1k-bank-chip,256,1000.0,0,0,32.16783216783217,77.29230769230769,221.056,23.3006993006993,23.3006993006993,0.7832167832167832,256,420,448,10.467132867132866
143,exploratory-overclock,stripe-1k-bank-chip,512,1000.0,0,0,27.53846153846154,77.11328671328671,220.544,22.496503496503497,22.496503496503497,0.7832167832167832,512,212,403,10.381818181818181
143,exploratory-overclock,stripe-1k-chip-bank,8,1000.0,0,0,32.32867132867133,77.46573426573427,221.552,27.3006993006993,27.3006993006993,0.7832167832167832,8,12614,500,10.56083916083916
143,exploratory-overclock,stripe-1k-chip-bank,32,1000.0,0,0,32.32867132867133,77.44895104895105,221.504,25.713286713286713,25.713286713286713,0.7832167832167832,32,3300,485,10.537762237762237
